Item Number,Price,
PS44011, $87.31,
PS44001PB, $42.81,
PS44005HB, $188.37,
PS42955HB, $1648.19,
PS44011, $87.31,
PS44001PB, $42.81,
PS44005HB, $188.37,
PS42955HB, $1648.19,
PS42202, $102.15,
PS43700, $11.39,
PS46515, $62.76,
PS41301B, $52.35,
PS41305B, $230.32,
PS41355B, $2015.34,
PS54912, $74.48,
PS54935N, $223.44,
PS54901HB, $44.89,
PS54905HB, $197.50,
PS54955HB, $1728.15,
PS54882, $107.10,
PS47212, $60.86,
PS47201B, $27.80,
PS47205B, $122.32,
PS47255B, $1070.30,
PS45210, $180.02,
PS46301, $71.31,
PS42910, $69.39,
PS42901PB, $38.41,
PS42905PB, $169.02,
PS42955PB, $1478.88,
PS45105, $23.40,
PS45150, $213.50,
PS4511300, $4758.00,
PS46410, $73.47,
PS46430, $220.41,
PS46401B, $68.50,
PS46405B, $301.40,
PS46455B, $2637.25,
PS47112, $104.58,
PS47135, $313.74,
PS47101B, $79.35,
PS47105B, $349.14,
PS47155B, $3054.98,
PS40212, $71.58,
PS40201B, $69.18,
PS40205B, $304.41,
PS40255B, $2663.57,
PS44212, $80.47,
PS44235, $219.33,
PS44201B, $60.24,
PS44205B, $265.03,
PS44255B, $2319.05,
PS43432, $199.68,
PS43310, $84.46,
PS41812M, $68.55,
PS41801MB, $50.45,
PS41805MB, $221.97,
PS41855MB, $1942.25,
PS41515, $60.75,
PS43401, $180.26,
SL42300, $15.76,
PS40910P, $58.73,
PS40930P, $176.19,
PS40901PB, $30.57,
PS40905PB, $134.49,
PS40955PB, $1176.81,
PS42810R, $69.96,
PS42801RPB, $38.41,
PS42805HB, $169.02,
PS42855HB, $1478.88,
PS41914, $115.28,
PS41901B, $83.91,
PS41905B, $369.21,
PS41955B, $3230.62,
PS43016, $107.71,
PS42112N, $77.13,
PS42135N, $231.39,
PS42101PB, $34.85,
PS42105PB, $153.32,
PS42155PB, $1341.55,
PS43800, $12.50,
SL43100M, $157.58,
PS43911, $104.64,
PS40401B, $87.92,
PS40405B, $386.87,
PS40455B, $3385.10,
PS46710P, $72.83,
PS46701PB, $37.61,
PS46705PB, $165.49,
PS46755PB, $1448.02,
PS41112N, $128.35,
PS41101HB, $53.60,
PS41105HB, $235.84,
PS41155HB, $2063.57,
PS41712, $90.54,
PS41701B, $52.37,
PS41705B, $230.43,
PS41755B, $2016.24,
PS40510, $55.87,
PS40530P, $167.61,
PS40501PB, $34.43,
PS40505HB, $151.49,
PS40555HB, $1325.55,
PS40710P, $57.92,
PS40730P, $173.76,
PS40701PB, $37.56,
PS40705HB, $165.28,
PS40755HB, $1446.23,
PS40810, $57.42,
PS40830P, $172.26,
PS40801PB, $35.06,
PS40805PB, $154.26,
PS40855PB, $1349.80,
PS41612N, $68.03,
PS41635N, $193.86,
PS41601PB, $34.43,
PS41605PB, $151.49,
PS41655PB, $1325.55,
PS42712N, $67.95,
PS42701PB, $34.43,
PS42705PB, $151.48,
PS42755PB, $1325.48,
PS44512, $52.19,
PS44312, $52.19,
PS40614, $76.38,
PS40601HB, $73.26,
PS40605HB, $322.34,
PS40655HB, $2820.49,
PS44110, $119.77,
PS43512N, $79.96,
PS43501HB, $40.71,
PS43505HB, $179.12,
PS43555HB, $1567.28,
PS42510P, $63.17,
PS40012N, $72.03,
PS40035N, $207.48,
PS40001PB, $40.53,
PS40005PB, $178.31,
PS40055PB, $1560.26,
PS41412N, $111.84,
PS41435N, $335.52,
PS41401PB, $44.89,
PS41405PB, $197.53,
PS41455PB, $1728.38,
PS45712N, $77.13,
PS45735N, $231.39,
PS45701HB, $40.88,
PS45705HB, $179.89,
PS45755HB, $1574.06,
PS44812E, $71.38,
PS44835E, $257.44,
PS44801B, $77.00,
PS44805B, $338.80,
PS44855B, $2964.50,
PS44712E, $75.33,
PS44735E, $272.58,
PS44701B, $84.00,
PS44705B, $369.60,
PS44755B, $3234.00,
PS44612E, $72.02,
PS44635E, $262.94,
PS44601B, $77.00,
PS44605B, $338.80,
PS44655B, $2964.50,
PS40112N, $107.10,
PS40135N, $354.68,
PS40101PB, $34.85,
PS40105HB, $153.32,
PS40155HB, $1341.55,
PS45414, $76.14,
PS42612H, $113.79,
PS42635H, $341.37,
PS42601HB, $40.93,
PS42605HB, $180.10,
PS42655HB, $1575.90,
PS45812H, $76.77,
PS45835H, $230.31,
PS45801PB, $39.50,
PS45805PB, $173.82,
PS45855PB, $1520.93,
PS41212N, $110.64,
PS43600, $77.18,
PS45612, $55.63,
PS45635, $166.59,
PS45601B, $43.08,
PS45605B, $189.57,
PS45655B, $1658.76,
PS46910, $62.87,
PS46930, $162.83,
PS46901HB, $36.70,
PS46905HB, $161.48,
PS46955HB, $1412.95,
PS46612N, $72.03,
PS46635N, $207.48,
PS46601PB, $32.43,
PS46605PB, $142.69,
PS46655PB, $1248.57,
PS47410, $52.00,
PS47401B, $30.00,
PS47405B, $132.00,
PS47455B, $1155.00,
PS46370, $171.23,
PS46301B, $56.30,
PS56305B, $247.72,
PS46355B, $2167.53,
PS41012N, $72.38,
PS41025, $154.52,
PS48002, $6.00,
PS48008, $15.25,
PS44011, $87.31,
PS44001PB, $42.81,
PS44005HB, $188.37,
PS42955HB, $1648.19,
PS44011, $87.31,
PS44001PB, $42.81,
PS44005HB, $188.37,
PS42955HB, $1648.19,
PS42202, $102.15,
PS43700, $11.39,
PS46515, $62.76,
PS41301B, $52.35,
PS41305B, $230.32,
PS41355B, $2015.34,
PS54912, $74.48,
PS54935N, $223.44,
PS54901HB, $44.89,
PS54905HB, $197.50,
PS54955HB, $1728.15,
PS54882, $107.10,
PS47212, $60.86,
PS47201B, $27.80,
PS47205B, $122.32,
PS47255B, $1070.30,
PS45210, $180.02,
PS46301, $71.31,
PS42910, $69.39,
PS42901PB, $38.41,
PS42905PB, $169.02,
PS42955PB, $1478.88,
PS45105, $23.40,
PS45150, $213.50,
PS4511300, $4758.00,
PS46410, $73.47,
PS46430, $220.41,
PS46401B, $68.50,
PS46405B, $301.40,
PS46455B, $2637.25,
PS47112, $104.58,
PS47135, $313.74,
PS47101B, $79.35,
PS47105B, $349.14,
PS47155B, $3054.98,
PS40212, $71.58,
PS40201B, $69.18,
PS40205B, $304.41,
PS40255B, $2663.57,
PS44212, $80.47,
PS44235, $219.33,
PS44201B, $60.24,
PS44205B, $265.03,
PS44255B, $2319.05,
PS43432, $199.68,
PS43310, $84.46,
PS41812M, $68.55,
PS41801MB, $50.45,
PS41805MB, $221.97,
PS41855MB, $1942.25,
PS41515, $60.75,
PS43401, $180.26,
SL42300, $15.76,
PS40910P, $58.73,
PS40930P, $176.19,
PS40901PB, $30.57,
PS40905PB, $134.49,
PS40955PB, $1176.81,
PS42810R, $69.96,
PS42801RPB, $38.41,
PS42805HB, $169.02,
PS42855HB, $1478.88,
PS41914, $115.28,
PS41901B, $83.91,
PS41905B, $369.21,
PS41955B, $3230.62,
PS43016, $107.71,
PS42112N, $77.13,
PS42135N, $231.39,
PS42101PB, $34.85,
PS42105PB, $153.32,
PS42155PB, $1341.55,
PS43800, $12.50,
SL43100M, $157.58,
PS43911, $104.64,
PS40401B, $87.92,
PS40405B, $386.87,
PS40455B, $3385.10,
PS46710P, $72.83,
PS46701PB, $37.61,
PS46705PB, $165.49,
PS46755PB, $1448.02,
PS41112N, $128.35,
PS41101HB, $53.60,
PS41105HB, $235.84,
PS41155HB, $2063.57,
PS41712, $90.54,
PS41701B, $52.37,
PS41705B, $230.43,
PS41755B, $2016.24,
PS40510, $55.87,
PS40530P, $167.61,
PS40501PB, $34.43,
PS40505HB, $151.49,
PS40555HB, $1325.55,
PS40710P, $57.92,
PS40730P, $173.76,
PS40701PB, $37.56,
PS40705HB, $165.28,
PS40755HB, $1446.23,
PS40810, $57.42,
PS40830P, $172.26,
PS40801PB, $35.06,
PS40805PB, $154.26,
PS40855PB, $1349.80,
PS41612N, $68.03,
PS41635N, $193.86,
PS41601PB, $34.43,
PS41605PB, $151.49,
PS41655PB, $1325.55,
PS42712N, $67.95,
PS42701PB, $34.43,
PS42705PB, $151.48,
PS42755PB, $1325.48,
PS44512, $52.19,
PS44312, $52.19,
PS40614, $76.38,
PS40601HB, $73.26,
PS40605HB, $322.34,
PS40655HB, $2820.49,
PS44110, $119.77,
PS43512N, $79.96,
PS43501HB, $40.71,
PS43505HB, $179.12,
PS43555HB, $1567.28,
PS42510P, $63.17,
PS40012N, $72.03,
PS40035N, $207.48,
PS40001PB, $40.53,
PS40005PB, $178.31,
PS40055PB, $1560.26,
PS41412N, $111.84,
PS41435N, $335.52,
PS41401PB, $44.89,
PS41405PB, $197.53,
PS41455PB, $1728.38,
PS45712N, $77.13,
PS45735N, $231.39,
PS45701HB, $40.88,
PS45705HB, $179.89,
PS45755HB, $1574.06,
PS44812E, $71.38,
PS44835E, $257.44,
PS44801B, $77.00,
PS44805B, $338.80,
PS44855B, $2964.50,
PS44712E, $75.33,
PS44735E, $272.58,
PS44701B, $84.00,
PS44705B, $369.60,
PS44755B, $3234.00,
PS44612E, $72.02,
PS44635E, $262.94,
PS44601B, $77.00,
PS44605B, $338.80,
PS44655B, $2964.50,
PS40112N, $107.10,
PS40135N, $354.68,
PS40101PB, $34.85,
PS40105HB, $153.32,
PS40155HB, $1341.55,
PS45414, $76.14,
PS42612H, $113.79,
PS42635H, $341.37,
PS42601HB, $40.93,
PS42605HB, $180.10,
PS42655HB, $1575.90,
PS45812H, $76.77,
PS45835H, $230.31,
PS45801PB, $39.50,
PS45805PB, $173.82,
PS45855PB, $1520.93,
PS41212N, $110.64,
PS43600, $77.18,
PS45612, $55.63,
PS45635, $166.59,
PS45601B, $43.08,
PS45605B, $189.57,
PS45655B, $1658.76,
PS46910, $62.87,
PS46930, $162.83,
PS46901HB, $36.70,
PS46905HB, $161.48,
PS46955HB, $1412.95,
PS46612N, $72.03,
PS46635N, $207.48,
PS46601PB, $32.43,
PS46605PB, $142.69,
PS46655PB, $1248.57,
PS47410, $52.00,
PS47401B, $30.00,
PS47405B, $132.00,
PS47455B, $1155.00,
PS46370, $171.23,
PS46301B, $56.30,
PS56305B, $247.72,
PS46355B, $2167.53,
PS41012N, $72.38,
PS41025, $154.52,
PS48002, $6.00,
